–¢–∏–ø –∑–∞–¥–∞—á–∏,–ö–ª—é—á –ø—Ä–æ–±–ª–µ–º—ã,–ò–¥–µ–Ω—Ç–∏—Ñ–∏–∫–∞—Ç–æ—Ä –ø—Ä–æ–±–ª–µ–º—ã,–ü—Ä–∏–æ—Ä–∏—Ç–µ—Ç,–°—Ç–∞—Ç—É—Å,–ê–≤—Ç–æ—Ä,–ò—Å–ø–æ–ª–Ω–∏—Ç–µ–ª—å,–¢–µ–º–∞,Customer Request Type,C–æ–∑–¥–∞–Ω–æ,–í—Ä–µ–º—è –∑–∞–∫—Ä—ã—Ç–∏—è,–í—Ä–µ–º—è –∑–∞–∫—Ä—ã—Ç–∏—è —É–ø—Ä–æ—â–µ–Ω,–†–µ–∞–∫—Ü–∏—è –∏—Å–ø–æ–ª–Ω–∏—Ç–µ–ª—è,–†–µ–∞–∫—Ü–∏—è –∏—Å–ø–æ–ª–Ω–∏—Ç–µ–ª—è —É–ø—Ä–æ—â–µ–Ω,–û–ø–∏—Å–∞–Ω–∏–µ
Customer claim,CCS-8177850,14755220,–°—Ä–µ–¥–Ω–∏–π,–†–µ—à–µ–Ω–∞,ccstest,krylosov,5. –¢–æ–≤–∞—Ä –∏ —É–ø–∞–∫–æ–≤–∫–∞: –ü—Ä–µ—Ç–µ–Ω–∑–∏—è. –¢–æ–≤–∞—Ä –ø—Ä–∏—à—ë–ª –ø–æ–≤—Ä–µ–∂–¥—ë–Ω–Ω—ã–º,,2024-11-25 23:11,45:00,1 –Ω–µ–¥.,9:00,1 –¥.,"–û–ø–∏—Å–∞–Ω–∏–µ:
 –ö–ª–∏–µ–Ω—Ç –æ–±—Ä–∞—Ç–∏–ª—Å—è –≤ —á–∞—Ç –°–∞–º–æ–∫–∞—Ç–∞. –†–µ—à–∏–ª–∏ –≤–æ–ø—Ä–æ—Å –≤–æ–∑–≤—Ä–∞—Ç–æ–º."
Customer claim,CCS-8177685,14754968,–°—Ä–µ–¥–Ω–∏–π,–†–µ—à–µ–Ω–∞,ccstest,krylosov,5. –¢–æ–≤–∞—Ä –∏ —É–ø–∞–∫–æ–≤–∫–∞: –ü—Ä–µ—Ç–µ–Ω–∑–∏—è. –¢–æ–≤–∞—Ä –ø—Ä–∏—à—ë–ª –ø–æ–≤—Ä–µ–∂–¥—ë–Ω–Ω—ã–º,,2024-11-25 21:55,45:00,1 –Ω–µ–¥.,9:00,1 –¥.,"–û–ø–∏—Å–∞–Ω–∏–µ:
 –ö–ª–∏–µ–Ω—Ç –æ–±—Ä–∞—Ç–∏–ª—Å—è –≤ —á–∞—Ç –°–∞–º–æ–∫–∞—Ç–∞. –†–µ—à–∏–ª–∏ –≤–æ–ø—Ä–æ—Å –≤–æ–∑–≤—Ä–∞—Ç–æ–º"
Customer claim,CCS-8177661,14755005,–°—Ä–µ–¥–Ω–∏–π,–†–µ—à–µ–Ω–∞,ccstest,krylosov,5. –¢–æ–≤–∞—Ä –∏ —É–ø–∞–∫–æ–≤–∫–∞: –ü—Ä–µ—Ç–µ–Ω–∑–∏—è. –¢–æ–≤–∞—Ä –ø—Ä–∏—à—ë–ª –ø–æ–≤—Ä–µ–∂–¥—ë–Ω–Ω—ã–º,,2024-11-25 21:45,45:00,1 –Ω–µ–¥.,9:00,1 –¥.,"–û–ø–∏—Å–∞–Ω–∏–µ:
 –ö–ª–∏–µ–Ω—Ç –æ–±—Ä–∞—Ç–∏–ª—Å—è –≤ —á–∞—Ç –°–∞–º–æ–∫–∞—Ç–∞. –†–µ—à–∏–ª–∏ –≤–æ–ø—Ä–æ—Å –≤–æ–∑–≤—Ä–∞—Ç–æ–º."
Customer claim,CCS-8177638,14754941,–°—Ä–µ–¥–Ω–∏–π,–†–µ—à–µ–Ω–∞,ccstest,krylosov,5. –¢–æ–≤–∞—Ä –∏ —É–ø–∞–∫–æ–≤–∫–∞: –ü—Ä–µ—Ç–µ–Ω–∑–∏—è. –¢–æ–≤–∞—Ä –ø—Ä–∏—à—ë–ª –ø–æ–≤—Ä–µ–∂–¥—ë–Ω–Ω—ã–º,,2024-11-25 21:37,45:00,1 –Ω–µ–¥.,9:00,1 –¥.,"–û–ø–∏—Å–∞–Ω–∏–µ:
 –ö–ª–∏–µ–Ω—Ç –æ–±—Ä–∞—Ç–∏–ª—Å—è –≤ —á–∞—Ç –°–∞–º–æ–∫–∞—Ç–∞. –†–µ—à–∏–ª–∏ –≤–æ–ø—Ä–æ—Å –≤–æ–∑–≤—Ä–∞—Ç–æ–º."
Customer claim,CCS-8177596,14754860,–°—Ä–µ–¥–Ω–∏–π,–†–µ—à–µ–Ω–∞,ccstest,krylosov,5. –¢–æ–≤–∞—Ä –∏ —É–ø–∞–∫–æ–≤–∫–∞: –ü—Ä–µ—Ç–µ–Ω–∑–∏—è. –¢–æ–≤–∞—Ä –ø—Ä–∏—à—ë–ª –ø–æ–≤—Ä–µ–∂–¥—ë–Ω–Ω—ã–º,,2024-11-25 21:19,45:00,1 –Ω–µ–¥.,9:00,1 –¥.,"–û–ø–∏—Å–∞–Ω–∏–µ:
 –ö–ª–∏–µ–Ω—Ç –æ–±—Ä–∞—Ç–∏–ª—Å—è –≤ —á–∞—Ç –°–∞–º–æ–∫–∞—Ç–∞. –†–µ—à–∏–ª–∏ –≤–æ–ø—Ä–æ—Å –≤–æ–∑–≤—Ä–∞—Ç–æ–º."
Customer claim,CCS-8177552,14754835,–°—Ä–µ–¥–Ω–∏–π,–†–µ—à–µ–Ω–∞,ccstest,krylosov,5. –¢–æ–≤–∞—Ä –∏ —É–ø–∞–∫–æ–≤–∫–∞: –ü—Ä–µ—Ç–µ–Ω–∑–∏—è. –ö–æ–º–ø–ª–µ–∫—Ç–Ω–æ—Å—Ç—å —Ç–æ–≤–∞—Ä–∞ –∏–ª–∏ –∑–∞–∫–∞–∑–∞ –Ω–µ –ø–æ–ª–Ω–∞—è,,2024-11-25 21:05,45:00,1 –Ω–µ–¥.,9:00,1 –¥.,"–û–ø–∏—Å–∞–Ω–∏–µ:
 –ö–ª–∏–µ–Ω—Ç –æ–±—Ä–∞—Ç–∏–ª—Å—è –≤ —á–∞—Ç –°–∞–º–æ–∫–∞—Ç–∞. –†–µ—à–∏–ª–∏ –≤–æ–ø—Ä–æ—Å –≤–æ–∑–≤—Ä–∞—Ç–æ–º."
Customer claim,CCS-8177543,14754829,–°—Ä–µ–¥–Ω–∏–π,–†–µ—à–µ–Ω–∞,ccstest,krylosov,5. –¢–æ–≤–∞—Ä –∏ —É–ø–∞–∫–æ–≤–∫–∞: –ü—Ä–µ—Ç–µ–Ω–∑–∏—è. –¢–æ–≤–∞—Ä –ø—Ä–∏—à—ë–ª –ø–æ–≤—Ä–µ–∂–¥—ë–Ω–Ω—ã–º,,2024-11-25 21:01,45:00,1 –Ω–µ–¥.,9:00,1 –¥.,"–û–ø–∏—Å–∞–Ω–∏–µ:
 –ö–ª–∏–µ–Ω—Ç –æ–±—Ä–∞—Ç–∏–ª—Å—è –≤ —á–∞—Ç –°–∞–º–æ–∫–∞—Ç–∞. –†–µ—à–∏–ª–∏ –≤–æ–ø—Ä–æ—Å –≤–æ–∑–≤—Ä–∞—Ç–æ–º."
Customer claim,CCS-8177489,14754750,–°—Ä–µ–¥–Ω–∏–π,–†–µ—à–µ–Ω–∞,ccstest,krylosov,5. –¢–æ–≤–∞—Ä –∏ —É–ø–∞–∫–æ–≤–∫–∞: –ü—Ä–µ—Ç–µ–Ω–∑–∏—è. –¢–æ–≤–∞—Ä –ø—Ä–∏—à—ë–ª –ø–æ–≤—Ä–µ–∂–¥—ë–Ω–Ω—ã–º,,2024-11-25 20:42,45:00,1 –Ω–µ–¥.,9:00,1 –¥.,"–û–ø–∏—Å–∞–Ω–∏–µ:
 –ö–ª–∏–µ–Ω—Ç –æ–±—Ä–∞—Ç–∏–ª—Å—è –≤ —á–∞—Ç –°–∞–º–æ–∫–∞—Ç–∞.–†–µ—à–∏–ª–∏ –≤–æ–ø—Ä–æ—Å –≤–æ–∑–≤—Ä–∞—Ç–æ–º."
Customer claim,CCS-8177481,14754743,–°—Ä–µ–¥–Ω–∏–π,–†–µ—à–µ–Ω–∞,ccstest,krylosov,5. –¢–æ–≤–∞—Ä –∏ —É–ø–∞–∫–æ–≤–∫–∞: –ü—Ä–µ—Ç–µ–Ω–∑–∏—è. –¢–æ–≤–∞—Ä –ø—Ä–∏—à—ë–ª –ø–æ–≤—Ä–µ–∂–¥—ë–Ω–Ω—ã–º,,2024-11-25 20:40,45:00,1 –Ω–µ–¥.,9:00,1 –¥.,"–û–ø–∏—Å–∞–Ω–∏–µ:
 –ö–ª–∏–µ–Ω—Ç –æ–±—Ä–∞—Ç–∏–ª—Å—è –≤ —á–∞—Ç –°–∞–º–æ–∫–∞—Ç–∞. –†–µ—à–∏–ª–∏ –≤–æ–ø—Ä–æ—Å –≤–æ–∑–≤—Ä–∞—Ç–æ–º."
Customer claim,CCS-8177467,14754685,–°—Ä–µ–¥–Ω–∏–π,–†–µ—à–µ–Ω–∞,ccstest,krylosov,5. –¢–æ–≤–∞—Ä –∏ —É–ø–∞–∫–æ–≤–∫–∞: –ü—Ä–µ—Ç–µ–Ω–∑–∏—è. –ö–æ–º–ø–ª–µ–∫—Ç–Ω–æ—Å—Ç—å —Ç–æ–≤–∞—Ä–∞ –∏–ª–∏ –∑–∞–∫–∞–∑–∞ –Ω–µ –ø–æ–ª–Ω–∞—è,,2024-11-25 20:36,45:00,1 –Ω–µ–¥.,9:00,1 –¥.,"–û–ø–∏—Å–∞–Ω–∏–µ:
 –ö–ª–∏–µ–Ω—Ç –æ–±—Ä–∞—Ç–∏–ª—Å—è –≤ —á–∞—Ç –°–∞–º–æ–∫–∞—Ç–∞. –†–µ—à–∏–ª–∏ –≤–æ–ø—Ä–æ—Å –≤–æ–∑–≤—Ä–∞—Ç–æ–º."
Customer claim,CCS-8177349,14754560,–°—Ä–µ–¥–Ω–∏–π,–†–µ—à–µ–Ω–∞,ccstest,krylosov,5. –¢–æ–≤–∞—Ä –∏ —É–ø–∞–∫–æ–≤–∫–∞: –ü—Ä–µ—Ç–µ–Ω–∑–∏—è. –ö–æ–º–ø–ª–µ–∫—Ç–Ω–æ—Å—Ç—å —Ç–æ–≤–∞—Ä–∞ –∏–ª–∏ –∑–∞–∫–∞–∑–∞ –Ω–µ –ø–æ–ª–Ω–∞—è,,2024-11-25 19:56,45:00,1 –Ω–µ–¥.,9:00,1 –¥.,"–û–ø–∏—Å–∞–Ω–∏–µ:
 –ö–ª–∏–µ–Ω—Ç –æ–±—Ä–∞—Ç–∏–ª—Å—è –≤ —á–∞—Ç –°–∞–º–æ–∫–∞—Ç–∞. –†–µ—à–∏–ª–∏ –≤–æ–ø—Ä–æ—Å –≤–æ–∑–≤—Ä–∞—Ç–æ–º."
Customer claim,CCS-8177076,14753877,–°—Ä–µ–¥–Ω–∏–π,–†–µ—à–µ–Ω–∞,ccstest,shakirzyanova,5. –¢–æ–≤–∞—Ä –∏ —É–ø–∞–∫–æ–≤–∫–∞: –ü—Ä–µ—Ç–µ–Ω–∑–∏—è. –¢–æ–≤–∞—Ä –ø—Ä–∏—à—ë–ª –ø–æ–≤—Ä–µ–∂–¥—ë–Ω–Ω—ã–º,,2024-11-25 18:33,44:48,4 –¥. 8—á,8:58,8—á 58–º,"–û–ø–∏—Å–∞–Ω–∏–µ:
 –û–ø–∏—Å–∞–Ω–∏–µ —Å–∏—Ç—É–∞—Ü–∏–∏: —è–π—Ü–∞ –∏—Å–ø–æ—Ä—á–µ–Ω—ã
–û–∂–∏–¥–∞–µ–º—ã–π –≤–∞—Ä–∏–∞–Ω—Ç —É—Ä–µ–≥—É–ª–∏—Ä–æ–≤–∞–Ω–∏—è: –≤–æ–∑–≤—Ä–∞—Ç –¥—Å"
Customer claim,CCS-8177038,14753698,–°—Ä–µ–¥–Ω–∏–π,–†–µ—à–µ–Ω–∞,ccstest,abaranova,4.2. Click&Collect / Delivery: –ó–∞–ø—Ä–æ—Å. –î–æ—Å—Ç–∞–≤–∫–∞ –æ–ø–æ–∑–¥–∞–ª–∞,,2024-11-25 18:22,44:22,4 –¥. 8—á,8:22,8—á 22–º,"–û–ø–∏—Å–∞–Ω–∏–µ:
 –ò–Ω—Ç–µ—Ä–≤–∞–ª –¥–æ—Å—Ç–∞–≤–∫–∏ —É–∂–µ –Ω–∞—á–∞–ª—Å—è, –Ω–æ –∑–∞–∫–∞–∑ –µ—â–µ –Ω–µ –ø–æ–¥—Ç–≤–µ—Ä–∂–¥–µ–Ω. –ü—Ä–æ—Å—å–±–∞ —É—Ç–æ—á–Ω–∏—Ç—å —Å—Ç–∞—Ç—É—Å –∑–∞–∫–∞–∑–∞ –∏ –∫–æ–≥–¥–∞ –±—É–¥–µ—Ç –¥–æ—Å—Ç–∞–≤–∫–∞."
Customer claim,CCS-8177037,14753697,–°—Ä–µ–¥–Ω–∏–π,–†–µ—à–µ–Ω–∞,ccstest,shakirzyanova,5. –¢–æ–≤–∞—Ä –∏ —É–ø–∞–∫–æ–≤–∫–∞: –ü—Ä–µ—Ç–µ–Ω–∑–∏—è. –¢–æ–≤–∞—Ä –ø—Ä–∏—à—ë–ª –ø–æ–≤—Ä–µ–∂–¥—ë–Ω–Ω—ã–º,,2024-11-25 18:22,44:42,4 –¥. 8—á,8:56,8—á 56–º,"–û–ø–∏—Å–∞–Ω–∏–µ:
 –û–ø–∏—Å–∞–Ω–∏–µ —Å–∏—Ç—É–∞—Ü–∏–∏: –º–∞–Ω–¥–∞—Ä–∏–Ω—ã –∏—Å–ø–æ—Ä—Ç–∏–ª–∏—Å—å
–û–∂–∏–¥–∞–µ–º—ã–π –≤–∞—Ä–∏–∞–Ω—Ç —É—Ä–µ–≥—É–ª–∏—Ä–æ–≤–∞–Ω–∏—è: –≤–æ–∑–≤—Ä–∞—Ç –¥—Å"
Customer claim,CCS-8176987,14753818,–°—Ä–µ–¥–Ω–∏–π,–†–µ—à–µ–Ω–∞,ccstest,msokolovskaya,5. –¢–æ–≤–∞—Ä –∏ —É–ø–∞–∫–æ–≤–∫–∞: –ü—Ä–µ—Ç–µ–Ω–∑–∏—è. –¢–æ–≤–∞—Ä –Ω–µ–∏—Å–ø—Ä–∞–≤–µ–Ω (–±—Ä–∞–∫),,2024-11-25 18:05,44:51,4 –¥. 8—á,8:57,8—á 57–º,"–û–ø–∏—Å–∞–Ω–∏–µ:
 –û–ø–∏—Å–∞–Ω–∏–µ —Å–∏—Ç—É–∞—Ü–∏–∏
–û–∂–∏–¥–∞–µ–º—ã–π –≤–∞—Ä–∏–∞–Ω—Ç —É—Ä–µ–≥—É–ª–∏—Ä–æ–≤–∞–Ω–∏—è
https://portal.infobip.com/conversations/my-work?conversationId=af5b582a-6082-4724-9108-4e458251b507"
Customer claim,CCS-8176959,14753646,–°—Ä–µ–¥–Ω–∏–π,–†–µ—à–µ–Ω–∞,ccstest,dergunova,5. –¢–æ–≤–∞—Ä –∏ —É–ø–∞–∫–æ–≤–∫–∞: –ü—Ä–µ—Ç–µ–Ω–∑–∏—è. –¢–æ–≤–∞—Ä —Å –∏—Å—Ç–µ–∫–∞—é—â–∏–º (–∏—Å—Ç—ë–∫—à–∏–º) —Å—Ä–æ–∫–æ–º –≥–æ–¥–Ω–æ—Å—Ç–∏,,2024-11-25 17:55,43:55,4 –¥. 7—á,7:56,7—á 56–º,"–ó–∞–∫–∞–∑–∞–ª–∞ –º–Ω–æ–≥–æ —Å—ã—Ä–æ–≤, –æ–¥–∏–Ω –∏–∑ –Ω–∏—Ö –ø—Ä–∏–≤–µ–∑–ª–∏ —Å–æ —Å—Ä–æ–∫–æ–º –≥–æ–¥–Ω–æ—Å—Ç–∏ –∏—Å—Ç–µ–∫–∞—é—â–∏–º –Ω–∞ –¥–Ω—è—Ö!!!!! –ó–∞—á–µ–º –∫–ª–∞—Å—Ç—å —Ç–∞–∫–æ–µ?! –°—ã—Ä—ã –Ω–µ –¥–µ—à—ë–≤—ã–µ, –∞ –≤—ã –∫–ª–∞–¥—ë—Ç–µ —É–∂–µ –ø—Ä–æ–¥—É–∫—Ç—ã, –∫–æ—Ç–æ—Ä—ã–µ –≤–æ—Ç –≤–æ—Ç –±—É–¥—É—Ç –ø—Ä–æ—Å—Ä–æ—á–∫–æ–π. –ú–Ω–µ –≤–æ—Ç –æ–Ω –Ω—É–∂–µ–Ω –±—ã–ª –Ω–∞ –ù–æ–≤—ã–π –≥–æ–¥!!!!"
Customer claim,CCS-8176851,14753377,–°—Ä–µ–¥–Ω–∏–π,–î—É–±–ª—å,ccstest,krylosov,5. –¢–æ–≤–∞—Ä –∏ —É–ø–∞–∫–æ–≤–∫–∞: –ü—Ä–µ—Ç–µ–Ω–∑–∏—è. –¢–æ–≤–∞—Ä —Å –∏—Å—Ç–µ–∫–∞—é—â–∏–º (–∏—Å—Ç—ë–∫—à–∏–º) —Å—Ä–æ–∫–æ–º –≥–æ–¥–Ω–æ—Å—Ç–∏,,2024-11-25 17:19,43:19,4 –¥. 7—á,7:19,7—á 19–º,–ü—Ä–∏–≤–µ–∑–ª–∏ —Ç—É—Ö–ª—ã–π –ø–ª–µ—Å–Ω–µ–≤–µ–ª—ã–π —Ç–æ–≤–∞—Ä
Customer claim,CCS-8176842,14753369,–°—Ä–µ–¥–Ω–∏–π,–†–µ—à–µ–Ω–∞,ccstest,etrusova,5. –¢–æ–≤–∞—Ä –∏ —É–ø–∞–∫–æ–≤–∫–∞: –ü—Ä–µ—Ç–µ–Ω–∑–∏—è. –ö–æ–º–ø–ª–µ–∫—Ç–Ω–æ—Å—Ç—å —Ç–æ–≤–∞—Ä–∞ –∏–ª–∏ –∑–∞–∫–∞–∑–∞ –Ω–µ –ø–æ–ª–Ω–∞—è,,2024-11-25 17:16,43:16,4 –¥. 7—á,7:16,7—á 16–º,"–¥–æ—Å—Ç–∞–≤–∏–ª–∏ –æ–¥–Ω—É —É–ø–∞–∫–æ–≤–∫—É –∞—Ä–µ—Å—Ç–æ–≤–∞–ª–∏ –¥–≤—É—Ö, –æ–±–Ω–∞—Ä—É–∂–∏–ª–∏, –∫–æ–≥–¥–∞ –∫—É—Ä—å–µ—Ä —É–µ—Ö–∞–ª"
Customer claim,CCS-8176787,14753187,–°—Ä–µ–¥–Ω–∏–π,–†–µ—à–µ–Ω–∞,ccstest,arodionova,5. –¢–æ–≤–∞—Ä –∏ —É–ø–∞–∫–æ–≤–∫–∞: –ü—Ä–µ—Ç–µ–Ω–∑–∏—è. –¢–æ–≤–∞—Ä —Å –∏—Å—Ç–µ–∫–∞—é—â–∏–º (–∏—Å—Ç—ë–∫—à–∏–º) —Å—Ä–æ–∫–æ–º –≥–æ–¥–Ω–æ—Å—Ç–∏,,2024-11-25 17:00,43:08,4 –¥. 7—á,9:00,1 –¥.,–ú–æ–∂–Ω–æ –ø—Ä–æ–¥—É–∫—Ç—ã —Å–≤–µ–∂–∏–µ –∫–ª–∞—Å—Ç—å? 
Customer claim,CCS-8176759,14753163,–°—Ä–µ–¥–Ω–∏–π,–†–µ—à–µ–Ω–∞,ccstest,msokolovskaya,5. –¢–æ–≤–∞—Ä –∏ —É–ø–∞–∫–æ–≤–∫–∞: –ü—Ä–µ—Ç–µ–Ω–∑–∏—è. –¢–æ–≤–∞—Ä –ø—Ä–∏—à—ë–ª –ø–æ–≤—Ä–µ–∂–¥—ë–Ω–Ω—ã–º,,2024-11-25 16:50,42:59,4 –¥. 6—á,7:24,7—á 24–º,"–ø—Ä–∏–≤–µ–∑–ª–∏ –∏—Å–ø–æ—Ä—á–µ–Ω–Ω—ã–µ –ø—Ä–æ–¥—É–∫—Ç—ã, –ø–æ–ª–æ–≤–∏–Ω–∞ –ø–æ–º–∏–¥–æ—Ä–æ–≤ –ì–Ω–∏–ª–∞—è, —Ç–∞–∫–∂–µ –∏–Ω–¥–µ–π–∫–∞ –ø–∞—Ö–Ω–µ—Ç —Ç—É—Ö–ª—ã–º –º—è—Å–æ–º"
Customer claim,CCS-8176721,14752996,–°—Ä–µ–¥–Ω–∏–π,–†–µ—à–µ–Ω–∞,ccstest,msokolovskaya,5. –¢–æ–≤–∞—Ä –∏ —É–ø–∞–∫–æ–≤–∫–∞: –ü—Ä–µ—Ç–µ–Ω–∑–∏—è. –ö–æ–º–ø–ª–µ–∫—Ç–Ω–æ—Å—Ç—å —Ç–æ–≤–∞—Ä–∞ –∏–ª–∏ –∑–∞–∫–∞–∑–∞ –Ω–µ –ø–æ–ª–Ω–∞—è,,2024-11-25 16:39,43:17,4 –¥. 7—á,7:17,7—á 17–º,"–û–ø–∏—Å–∞–Ω–∏–µ:
 –û–ø–∏—Å–∞–Ω–∏–µ —Å–∏—Ç—É–∞—Ü–∏–∏ –ö–ª–∏–µ–Ω—Ç—É –Ω–µ –ø—Ä–∏–≤–µ–∑–ª–∏ —á–∞—Å—Ç—å —Ç–æ–≤–∞—Ä–æ–≤."
Customer claim,CCS-8176719,14752994,–°—Ä–µ–¥–Ω–∏–π,–†–µ—à–µ–Ω–∞,ccstest,msokolovskaya,5. –¢–æ–≤–∞—Ä –∏ —É–ø–∞–∫–æ–≤–∫–∞: –ü—Ä–µ—Ç–µ–Ω–∑–∏—è. –¢–æ–≤–∞—Ä –Ω–µ–∏—Å–ø—Ä–∞–≤–µ–Ω (–±—Ä–∞–∫),,2024-11-25 16:38,44:51,4 –¥. 8—á,8:54,8—á 54–º,"–û–ø–∏—Å–∞–Ω–∏–µ:
 https://portal.infobip.com/conversations/my-work?conversationId=df9468d0-3270-442b-b6ff-04b34a580122"
Customer claim,CCS-8176691,14752978,–°—Ä–µ–¥–Ω–∏–π,–†–µ—à–µ–Ω–∞,ccstest,telyukova,4.2. Click&Collect / Delivery: –ó–∞–ø—Ä–æ—Å. –ü–æ–∫—É–ø–∞—Ç–µ–ª—é –Ω–µ –º–æ–≥—É—Ç –≤—ã–¥–∞—Ç—å –∑–∞–∫–∞–∑,,2024-11-25 16:29,43:21,4 –¥. 7—á,8:37,8—á 37–º,–º–Ω–µ –ø—Ä–∏–≤–µ–∑–ª–∏ –Ω–µ –º–æ–π –∑–∞–∫–∞–∑
Customer claim,CCS-8176656,14752882,–°—Ä–µ–¥–Ω–∏–π,–†–µ—à–µ–Ω–∞,ccstest,abaranova,5. –¢–æ–≤–∞—Ä –∏ —É–ø–∞–∫–æ–≤–∫–∞: –ü—Ä–µ—Ç–µ–Ω–∑–∏—è. –¢–æ–≤–∞—Ä –ø—Ä–∏—à—ë–ª –ø–æ–≤—Ä–µ–∂–¥—ë–Ω–Ω—ã–º,,2024-11-25 16:17,42:19,4 –¥. 6—á,7:40,7—á 40–º,"–û—Ç–∫—Ä—ã–ª–∞ –∫—Ä—ã—à–∫—É —Å—ã—Ä–∞ –∏ –∑–∞–º–µ—Ç–∏–ª–∞ —á—Ç–æ —Ñ–æ–ª—å–≥–∞ –ø—Ä–æ—Ç–∫–Ω—É—Ç–∞, –æ—Ç–∫—Ä—ã–ª–∞ –∞ —Ç–∞–º –∑–∞–ø–∞—Ö –ø–ª–µ—Å–µ–Ω–∏ –∏ —Å—ã—Ä —ç—Ç–æ—Ç –∫–∏—Å–ª—ã–π. –ü—Ä–æ—à—É –≤–µ—Ä–Ω—É—Ç—å –±–æ–Ω—É—Å—ã –∫–æ—Ç–æ—Ä—ã–º–∏ —è –æ–ø–ª–∞—Ç–∏–ª–∞ —ç—Ç–æ—Ç —Ç–æ–≤–∞—Ä. –¢–≤–æ—Ä–æ–∂–Ω—ã–π —Å—ã—Ä –∏—Å–ø–æ—Ä—á–µ–Ω"
Customer claim,CCS-8176419,14751969,–°—Ä–µ–¥–Ω–∏–π,–†–µ—à–µ–Ω–∞,ccstest,mnesterova,4.2. Click&Collect / Delivery: –ó–∞–ø—Ä–æ—Å. –ü—Ä–æ–¥–∞–≤–µ—Ü –Ω–µ —É—á—ë–ª –±–æ–Ω—É—Å—ã –∏–ª–∏ –ø—Ä–æ–º–æ–∫–æ–¥,,2024-11-25 15:08,43:46,4 –¥. 7—á,8:06,8—á 6–º,"–ü–æ—Å–ª–µ –¥–∞–Ω–Ω–æ–≥–æ –∑–∞–∫–∞–∑–∞ —Å –ø—Ä–æ–º–æ–∫–æ–¥–æ–º –æ—Ç –±–ª–æ–≥–µ—Ä–∞,  –º–æ–π –∞–∫–∫–∞—É–Ω—Ç –∑–∞–±–ª–æ–∫–∏—Ä–æ–≤–∞–ª–∏.  –•–æ—á—É —É—Ç–æ—á–Ω–∏—Ç—å –ø—Ä–∏—á–∏–Ω—É –±–ª–æ–∫–∏—Ä–æ–≤–∫–∏"
Customer claim,CCS-8175586,14749199,–°—Ä–µ–¥–Ω–∏–π,–†–µ—à–µ–Ω–∞,ccstest,dmoiseeva,5. –¢–æ–≤–∞—Ä –∏ —É–ø–∞–∫–æ–≤–∫–∞: –ü—Ä–µ—Ç–µ–Ω–∑–∏—è. –¢–æ–≤–∞—Ä –ø—Ä–∏—à—ë–ª –ø–æ–≤—Ä–µ–∂–¥—ë–Ω–Ω—ã–º,,2024-11-25 10:51,44:48,4 –¥. 8—á,8:58,8—á 58–º,"–û–ø–∏—Å–∞–Ω–∏–µ:
 –û–ø–∏—Å–∞–Ω–∏–µ —Å–∏—Ç—É–∞—Ü–∏–∏:
–û–∂–∏–¥–∞–µ–º—ã–π –≤–∞—Ä–∏–∞–Ω—Ç —É—Ä–µ–≥—É–ª–∏—Ä–æ–≤–∞–Ω–∏—è
https://portal.infobip.com/conversations/my-work?conversationId=3358cd97-d8f5-4363-af98-c26aaf21269b"
Customer claim,CCS-8175273,14748466,–°—Ä–µ–¥–Ω–∏–π,–†–µ—à–µ–Ω–∞,ccstest,sugaipova,5. –¢–æ–≤–∞—Ä –∏ —É–ø–∞–∫–æ–≤–∫–∞: –ü—Ä–µ—Ç–µ–Ω–∑–∏—è. –¢–æ–≤–∞—Ä —Å –∏—Å—Ç–µ–∫–∞—é—â–∏–º (–∏—Å—Ç—ë–∫—à–∏–º) —Å—Ä–æ–∫–æ–º –≥–æ–¥–Ω–æ—Å—Ç–∏,,2024-11-25 08:40,44:42,4 –¥. 8—á,8:42,8—á 42–º,–¢–æ–≤–∞—Ä –ø–ª–æ—Ö–æ–≥–æ –∫–∞—á–µ—Å—Ç–≤–∞ 
Customer claim,CCS-8175245,14748554,–°—Ä–µ–¥–Ω–∏–π,–†–µ—à–µ–Ω–∞,ccstest,sugaipova,5. –¢–æ–≤–∞—Ä –∏ —É–ø–∞–∫–æ–≤–∫–∞: –ü—Ä–µ—Ç–µ–Ω–∑–∏—è. –¢–æ–≤–∞—Ä —Å –∏—Å—Ç–µ–∫–∞—é—â–∏–º (–∏—Å—Ç—ë–∫—à–∏–º) —Å—Ä–æ–∫–æ–º –≥–æ–¥–Ω–æ—Å—Ç–∏,,2024-11-25 08:23,44:49,4 –¥. 8—á,8:49,8—á 49–º,"–û—Å—Ç–∞–≤–ª—è–ª–∞ –∑–∞—è–≤–∫—É –Ω–∞ –≥–Ω–∏–ª—É—é —Ö—É—Ä–º—É. –í—ã–¥–∞–ª–∏ –ø—Ä–æ–º–æ–∫–æ–¥, –∫–æ—Ç–æ—Ä—ã–π –Ω–µ –¥–µ–π—Å—Ç–≤—É–µ—Ç –≤ –¥–∞–Ω–Ω–æ–º –º–∞–≥–∞–∑–∏–Ω–µ. –ü—Ä–æ—à—É –≤–µ—Ä–Ω—É—Ç—å –¥–µ–Ω—å–≥–∏, —Ä–∞–∑ –æ–Ω –Ω–µ –¥–µ–π—Å—Ç–≤—É–µ—Ç –≤ —Å–∞–º–æ–∫–∞—Ç–µ, –ª–∏–±–æ –∑–∞–º–µ–Ω–∏—Ç—å —Ç–æ–≤–∞—Ä!"
Customer claim,CCS-8175019,14748079,–°—Ä–µ–¥–Ω–∏–π,–†–µ—à–µ–Ω–∞,ccstest,arodionova,5. –¢–æ–≤–∞—Ä –∏ —É–ø–∞–∫–æ–≤–∫–∞: –ü—Ä–µ—Ç–µ–Ω–∑–∏—è. –¢–æ–≤–∞—Ä –Ω–µ–∏—Å–ø—Ä–∞–≤–µ–Ω (–±—Ä–∞–∫),,2024-11-25 01:20,40:14,4 –¥. 4—á,9:00,1 –¥.,–ò—Å–ø–æ—Ä—á–µ–Ω–æ
Customer claim,CCS-8174999,14747893,–°—Ä–µ–¥–Ω–∏–π,–†–µ—à–µ–Ω–∞,ccstest,sugaipova,5. –¢–æ–≤–∞—Ä –∏ —É–ø–∞–∫–æ–≤–∫–∞: –ü—Ä–µ—Ç–µ–Ω–∑–∏—è. –ö–æ–º–ø–ª–µ–∫—Ç–Ω–æ—Å—Ç—å —Ç–æ–≤–∞—Ä–∞ –∏–ª–∏ –∑–∞–∫–∞–∑–∞ –Ω–µ –ø–æ–ª–Ω–∞—è,,2024-11-25 01:11,44:35,4 –¥. 8—á,8:35,8—á 35–º,"–ü—Ä–æ—Å—Ç–æ —É–∂–∞—Å–Ω–æ, —Å–¥–µ–ª–∞–ª–∞ –¥–æ—Å—Ç–∞–≤–∫—É –Ω–∞ –î–µ–Ω—å –º–∞—Ç–µ—Ä–∏, –æ—Å–Ω–æ–≤–Ω–æ–π –∑–∞–∫–∞–∑ –±—ã–ª —Ç–æ—Ä—Ç. –ü—Ä–∏–≤–µ–∑–ª–∏ —Ç–æ–ª—å–∫–æ –∫–æ–Ω—Ñ–µ—Ç—ã, –Ω–µ –ø–æ–∑–≤–æ–Ω–∏–ª–∏ –Ω–µ –∑–∞–º–µ–Ω–∏–ª–∏ –Ω–∞ –∞–Ω–∞–ª–æ–≥–∏—á–Ω—ã–π —Ç–æ–≤–∞—Ä, –ø—Ä–æ—Å—Ç–æ –ø–æ–∑–æ—Ä. –§–æ—Ç–æ –Ω–µ—Ç, –ø–æ—Ç–æ–º—É —á—Ç–æ –¥–æ—Å—Ç–∞–≤–∫–∞ –±—ã–ª–∞ –≤ –ø–æ–¥–∞—Ä–æ–∫ –º–∞–º–µ. 
"
Customer claim,CCS-8174899,14747837,–°—Ä–µ–¥–Ω–∏–π,–†–µ—à–µ–Ω–∞,ccstest,levishcheva,6. –û–±–º–µ–Ω –∏ –≤–æ–∑–≤—Ä–∞—Ç: –ü—Ä–µ—Ç–µ–Ω–∑–∏—è. –¢–æ–≤–∞—Ä –Ω–µ –ø–æ–¥–æ—à—ë–ª –∏–ª–∏ –ö–ª–∏–µ–Ω—Ç –ø–µ—Ä–µ–¥—É–º–∞–ª,,2024-11-25 00:22,41:59,4 –¥. 5—á,7:00,7—á 1–º,"–ü–æ–∫—É–ø–∞–ª–∞ –∫–æ—Ä–Ω–∏—à–æ–Ω—ã –¥–ª—è –∑–∞–∫—É—Å–∫–∏, –∞ –æ–Ω–∏ –º—è–≥—á–∞–π—à–∏–µ. –ù–∏–∫–∞–∫–æ–≥–æ —Ö—Ä—É—Å—Ç–∞! "
Customer claim,CCS-8174833,14747800,–°—Ä–µ–¥–Ω–∏–π,–î—É–±–ª—å,ccstest,sugaipova,5. –¢–æ–≤–∞—Ä –∏ —É–ø–∞–∫–æ–≤–∫–∞: –ü—Ä–µ—Ç–µ–Ω–∑–∏—è. –ö–æ–º–ø–ª–µ–∫—Ç–Ω–æ—Å—Ç—å —Ç–æ–≤–∞—Ä–∞ –∏–ª–∏ –∑–∞–∫–∞–∑–∞ –Ω–µ –ø–æ–ª–Ω–∞—è,,2024-11-24 23:50,44:18,4 –¥. 8—á,8:18,8—á 18–º,"–ù–µ—Ç —ç—Ç–æ–π –ø–æ–∑–∏—Ü–∏–∏, –ø–∞–∫–µ—Ç —É –∫—É—Ä—å–µ—Ä–∞ –±—ã–ª –Ω–µ –∑–∞–≤—è–∑–∞–Ω."
Customer claim,CCS-8174766,14747625,–°—Ä–µ–¥–Ω–∏–π,–†–µ—à–µ–Ω–∞,ccstest,levishcheva,5. –¢–æ–≤–∞—Ä –∏ —É–ø–∞–∫–æ–≤–∫–∞: –ü—Ä–µ—Ç–µ–Ω–∑–∏—è. –¢–æ–≤–∞—Ä –Ω–µ–∏—Å–ø—Ä–∞–≤–µ–Ω (–±—Ä–∞–∫),,2024-11-24 23:18,38:36,4 –¥. 2—á,6:51,6—á 51–º,"—Ö—É—Ä–º—ã –∫–æ—Ç–æ—Ä—É—é —è –∑–∞–∫–∞–∑—ã–≤–∞–ª –Ω–µ—Ç –≤–æ–æ–±—â–µ, –ø—Ä–∏–µ—Ö–∞–ª–æ —á—Ç–æ-—Ç–æ –≥–Ω–∏–ª–æ–µ
 —Å–º–µ—Ç–∞–Ω–∞ –∏—Å–ø–æ—Ä—Ç–∏—Ç—å—Å—è –∑–∞–≤—Ç—Ä–∞, –ø—Ä–∏–≤–µ–∑–ª–∏ –ø—Ä–æ—Å—Ä–æ—á–∫—É, –±–∞–Ω–∞–Ω—ã –æ–ø—è—Ç—å —Ç–∞–∫–∏–µ —á—Ç–æ –∏—Ö –ø–æ—Ä–∞ –≤—ã–∫–∏–¥—ã–≤–∞—Ç—å —É–∂–µ. —É–∂–∞—Å. –º–æ–ª–æ–∫–æ –∏–∑ –∑–∞–∫–∞–∑–∞ –Ω–µ –ø—Ä–∏–≤–µ–∑–ª–∏ –≤–æ–æ–±—â–µ"
Customer claim,CCS-8174748,14747615,–°—Ä–µ–¥–Ω–∏–π,–†–µ—à–µ–Ω–∞,ccstest,abaranova,5. –¢–æ–≤–∞—Ä –∏ —É–ø–∞–∫–æ–≤–∫–∞: –ü—Ä–µ—Ç–µ–Ω–∑–∏—è. –¢–æ–≤–∞—Ä –ø—Ä–∏—à—ë–ª –ø–æ–≤—Ä–µ–∂–¥—ë–Ω–Ω—ã–º,,2024-11-24 23:08,43:50,4 –¥. 7—á,8:50,8—á 50–º,"–î–æ—Å—Ç–∞–≤–∫–∞ –∑–∞–¥–µ—Ä–∂–∞–ª–∞—Å—å –Ω–∞ 20 –º–∏–Ω—É—Ç. –ü—Ä–∏–≤–µ–∑–ª–∏ —Ä–∞—Å—Ç–∞—è–≤—à–µ–µ –º–æ—Ä–æ–∂–µ–Ω–Ω–æ–µ, –ø—Ä–∏ –≤—Å–∫—Ä—ã—Ç–∏–∏ 50% –ø—Ä–µ–≤—Ä–∞—Ç–∏–ª–æ—Å—å –≤ –≤–æ–¥—É"
Customer claim,CCS-8174607,14747349,–°—Ä–µ–¥–Ω–∏–π,–†–µ—à–µ–Ω–∞,ccstest,sugaipova,4.2. Click&Collect / Delivery: –ó–∞–ø—Ä–æ—Å. –ö–æ—Ä—Ä–µ–∫—Ç–∏—Ä–æ–≤–∫–∞ —Å—Ç–∞—Ç—É—Å–∞ —Ç–æ–≤–∞—Ä–∞ –∏/–∏–ª–∏ –≤–µ—Ä–Ω—É—Ç—å –î–° –ø–æ –∑–∞–ø—Ä–æ—Å—É –∫–ª–∏–µ–Ω—Ç–∞,,2024-11-24 21:59,44:56,4 –¥. 8—á,8:56,8—á 56–º,"–°—Ç–∞—Ç—É—Å –≤ –ï–†–ú:
 –í—ã–ø–æ–ª–Ω—è–µ—Ç—Å—è
–ò–∑–º–µ–Ω–∏—Ç—å —Å—Ç–∞—Ç—É—Å –Ω–∞:
 –û—Ç–º–µ–Ω–µ–Ω
–ù—É–∂–µ–Ω –≤–æ–∑–≤—Ä–∞—Ç –î–°?:
 –î–∞
–û–ø–∏—Å–∞–Ω–∏–µ:
 –ü–æ–∫—É–ø–∞—Ç–µ–ª—å –ø—Ä–æ—Å–∏—Ç –æ—Ç–º–µ–Ω–∏—Ç—å –∑–∞–∫–∞–∑"
Customer claim,CCS-8174606,14747348,–°—Ä–µ–¥–Ω–∏–π,–†–µ—à–µ–Ω–∞,ccstest,abaranova,5. –¢–æ–≤–∞—Ä –∏ —É–ø–∞–∫–æ–≤–∫–∞: –ü—Ä–µ—Ç–µ–Ω–∑–∏—è. –¢–æ–≤–∞—Ä –ø—Ä–∏—à—ë–ª –ø–æ–≤—Ä–µ–∂–¥—ë–Ω–Ω—ã–º,,2024-11-24 21:59,44:43,4 –¥. 8—á,8:56,8—á 56–º,–ø—Ä–∏–≤–µ–∑–ª–∏ —Ç–æ–≤–∞—Ä –Ω–µ –ø—Ä–∏–≥–æ–¥–Ω—ã–π –∫ —É–ø–æ—Ç—Ä–µ–±–ª–µ–Ω–∏—é
Customer claim,CCS-8174477,14747268,–°—Ä–µ–¥–Ω–∏–π,–†–µ—à–µ–Ω–∞,ccstest,borovskikh,4.2. Click&Collect / Delivery: –ó–∞–ø—Ä–æ—Å. –î–µ–π—Å—Ç–≤–∏—è –∫—É—Ä—å–µ—Ä–∞ –∏–ª–∏ —Å–±–æ—Ä—â–∏–∫–∞,,2024-11-24 21:14,44:37,4 –¥. 8—á,8:37,8—á 37–º,"–û–ø–∏—Å–∞–Ω–∏–µ:
 –ö–ª–∏–µ–Ω—Ç —Å–æ–æ–±—â–∞–µ—Ç, —á—Ç–æ –æ—Ç–º–µ–Ω–∏–ª–∏ —á–∞—Å—Ç—å –±–µ–∑ –æ–ø–æ–≤–µ—â–µ–Ω–∏—è. –° –∫–ª–∏–µ–Ω—Ç–æ–º –Ω–µ —Å–≤—è–∑–∞–ª–∏—Å—å –∏ –Ω–µ —É—Ç–æ—á–Ω–∏–ª–∏ –Ω—É–∂–Ω–æ –ª–∏ –¥–æ—Å—Ç–∞–≤–ª—è—Ç—å –≤–º–µ—Å—Ç–æ 3 —É–ø–∞–∫–æ–≤–æ–∫ 1."
Customer claim,CCS-8174425,14747231,–°—Ä–µ–¥–Ω–∏–π,–†–µ—à–µ–Ω–∞,ccstest,borovskikh,5. –¢–æ–≤–∞—Ä –∏ —É–ø–∞–∫–æ–≤–∫–∞: –ü—Ä–µ—Ç–µ–Ω–∑–∏—è. –¢–æ–≤–∞—Ä –ø—Ä–∏—à—ë–ª –ø–æ–≤—Ä–µ–∂–¥—ë–Ω–Ω—ã–º,,2024-11-24 20:53,44:36,4 –¥. 8—á,8:36,8—á 36–º,"–î–æ–±—Ä—ã–π –≤–µ—á–µ—Ä . –ó–∞–∫–∞–∑–∞–ª —Ç–æ–≤–∞—Ä . –ü—Ä–∏—à–ª–æ –≤—Å–µ . –ù–æ –ø–æ–∫–µ—Ç –±—ã–ª –Ω–µ –≤ —Ö–æ—Ä–æ—à–µ–º —Å–æ—Å—Ç–æ—è–Ω–∏–π , –≤–Ω—É—Ç—Ä–∏ –æ—Ç –∫–∞—Ä—Ç–æ—Ñ–µ–ª—è –∑–µ–º–ª—è –∏ –ø—ã–ª—å —Ä–∞–∑–æ—à–ª–∞—Å—å –ø–æ –≤—Å–µ–º –æ—Å—Ç–∞–ª—å–Ω—ã–º –ø—Ä–æ–¥—É–∫—Ç–∞–º . "
Customer claim,CCS-8174423,14747229,–°—Ä–µ–¥–Ω–∏–π,–†–µ—à–µ–Ω–∞,ccstest,borovskikh,4.2. Click&Collect / Delivery: –ó–∞–ø—Ä–æ—Å. –î–µ–π—Å—Ç–≤–∏—è –∫—É—Ä—å–µ—Ä–∞ –∏–ª–∏ —Å–±–æ—Ä—â–∏–∫–∞,,2024-11-24 20:53,43:41,4 –¥. 7—á,7:58,7—á 58–º,–Ω–µ –ø—Ä–∏–≤–µ–∑–ª–∏ —Ö—É—Ä–º—É
Customer claim,CCS-8174376,14747201,–°—Ä–µ–¥–Ω–∏–π,–î—É–±–ª—å,ccstest,dmoiseeva,5. –¢–æ–≤–∞—Ä –∏ —É–ø–∞–∫–æ–≤–∫–∞: –ü—Ä–µ—Ç–µ–Ω–∑–∏—è. –ö–æ–º–ø–ª–µ–∫—Ç–Ω–æ—Å—Ç—å —Ç–æ–≤–∞—Ä–∞ –∏–ª–∏ –∑–∞–∫–∞–∑–∞ –Ω–µ –ø–æ–ª–Ω–∞—è,,2024-11-24 20:38,45:00,1 –Ω–µ–¥.,9:00,1 –¥.,"–ú–Ω–µ –ø–æ–ª–æ–≤–∏–Ω—É –∑–∞–∫–∞–∑–∞ –Ω–µ –¥–æ—Å—Ç–∞–≤–∏–ª–∏. –ü—Ä–æ—à—É –≤–µ—Ä–Ω—É—Ç—å –¥–µ–Ω—å–≥–∏ –∑–∞ –Ω–µ–¥–æ—Å—Ç–∞–≤–ª–µ–Ω–Ω—ã–µ —Ç–æ–≤–∞—Ä—ã. –í–æ–∑–º–æ–∂–Ω–æ, –∫—É—Ä—å–µ—Ä –∑–∞–±—ã–ª –º–Ω–µ –æ—Ç–¥–∞—Ç—å –≤—Ç–æ—Ä–æ–π –ø–∞–∫–µ—Ç.
–ó–∞–º–µ—Ç–∏–ª–∞ –æ—Ç—Å—É—Ç—Å—Ç–≤–∏–µ —Ç–æ–≤–∞—Ä–∞, –∫–æ–≥–¥–∞ —É–∂–µ —Ä–∞—Å–ø–∞–∫–æ–≤–∞–ª–∞ –∑–∞–∫–∞–∑ –∏ –æ—Ç–∫—Ä—ã–ª–∞ –ø–∞–∫–µ—Ç.
–ö—É—Ä—å–µ—Ä –ø—Ä–æ—Å—Ç–æ –æ—Ç–¥–∞–ª –ø–∞–∫–µ—Ç –∏ –≤—Å–µ, –≤—Å–µ –ø—Ä–æ–¥—É–∫—Ç—ã –≤ –ø–∞–∫–µ—Ç–µ —è –Ω–µ –ø—Ä–æ–≤–µ—Ä—è–ª–∞."
Customer claim,CCS-8174361,14747095,–°—Ä–µ–¥–Ω–∏–π,–†–µ—à–µ–Ω–∞,ccstest,borovskikh,4.2. Click&Collect / Delivery: –ó–∞–ø—Ä–æ—Å. –ü–æ–∫—É–ø–∞—Ç–µ–ª—é –Ω–µ –º–æ–≥—É—Ç –≤—ã–¥–∞—Ç—å –∑–∞–∫–∞–∑,,2024-11-24 20:33,44:20,4 –¥. 8—á,8:20,8—á 20–º,–°–∫–æ—Ä–æ –æ–∂–∏–¥–∞—Ç—å –¥–æ—Å—Ç–∞–≤–∫—É ? –ü–æ—á–µ–º—É –æ–Ω–∞ –¥–æ —Å–∏—Ö –ø–æ—Ä –≤ —Å—Ç–∞—Ç—É—Å–µ ¬´–Ω–∞ –ø–æ–¥—Ç–≤–µ—Ä–∂–¥–µ–Ω–∏–∏¬ª
Customer claim,CCS-8174351,14747088,–°—Ä–µ–¥–Ω–∏–π,–†–µ—à–µ–Ω–∞,ccstest,etrusova,4.2. Click&Collect / Delivery: –ó–∞–ø—Ä–æ—Å. –ü—Ä–æ–¥–∞–≤–µ—Ü –Ω–µ —É—á—ë–ª –±–æ–Ω—É—Å—ã –∏–ª–∏ –ø—Ä–æ–º–æ–∫–æ–¥,,2024-11-24 20:30,44:00,4 –¥. 8—á,8:08,8—á 8–º,"–ü—Ä–∏ –æ—Ñ–æ—Ä–º–ª–µ–Ω–∏–∏ –∑–∞–∫–∞–∑–∞ —è –≤—ã–±–∏—Ä–∞–ª–∞ –æ–ø–ª–∞—Ç—É –±–æ–Ω—É—Å–∞–º–∏ ¬´—Å–ø–∞—Å–∏–±–æ¬ª, –Ω–æ –≤ –∏—Ç–æ–≥–µ –ø–æ–ª–Ω—É—é —Å—É–º–º—É –∑–∞–∫–∞–∑–∞ —Å–ø–∏—Å–∞–ª–∏ —Å –∫–∞—Ä—Ç—ã."
Customer claim,CCS-8174340,14746992,–°—Ä–µ–¥–Ω–∏–π,–î—É–±–ª—å,ccstest,etrusova,4.2. Click&Collect / Delivery: –ó–∞–ø—Ä–æ—Å. –ü—Ä–æ–¥–∞–≤–µ—Ü –Ω–µ —É—á—ë–ª –±–æ–Ω—É—Å—ã –∏–ª–∏ –ø—Ä–æ–º–æ–∫–æ–¥,,2024-11-24 20:28,43:52,4 –¥. 7—á,7:52,7—á 52–º,"–ü—Ä–∏ –æ—Ñ–æ—Ä–º–ª–µ–Ω–∏–∏ –∑–∞–∫–∞–∑–∞ —è –≤—ã–±–∏—Ä–∞–ª–∞ –æ–ø–ª–∞—Ç—É –±–æ–Ω—É—Å–∞–º–∏ ¬´—Å–ø–∞—Å–∏–±–æ¬ª, –Ω–æ –≤ –∏—Ç–æ–≥–µ –ø–æ–ª–Ω—É—é —Å—É–º–º—É –∑–∞–∫–∞–∑–∞ —Å–ø–∏—Å–∞–ª–∏ —Å –∫–∞—Ä—Ç—ã. "
Customer claim,CCS-8174295,14747057,–°—Ä–µ–¥–Ω–∏–π,–†–µ—à–µ–Ω–∞,ccstest,borovskikh,5. –¢–æ–≤–∞—Ä –∏ —É–ø–∞–∫–æ–≤–∫–∞: –ü—Ä–µ—Ç–µ–Ω–∑–∏—è. –ö–æ–º–ø–ª–µ–∫—Ç–Ω–æ—Å—Ç—å —Ç–æ–≤–∞—Ä–∞ –∏–ª–∏ –∑–∞–∫–∞–∑–∞ –Ω–µ –ø–æ–ª–Ω–∞—è,,2024-11-24 20:09,44:22,4 –¥. 8—á,8:26,8—á 26–º,"–≤ –∑–∞–∫–∞–∑–µ –ø–æ—Å–ª–µ —Å–±–æ—Ä–∫–µ —Å—Ç–∞–ª–æ 4—à—Ç, —Ñ–∞–∫—Ç–∏—á–µ—Å–∫–∏ –∫—É—Ä—å–µ—Ä –ø—Ä–∏–Ω–µ—Å —Ç–æ–ª—å–∫–æ 3—à—Ç"
Customer claim,CCS-8174290,14747054,–°—Ä–µ–¥–Ω–∏–π,–†–µ—à–µ–Ω–∞,ccstest,borovskikh,5. –¢–æ–≤–∞—Ä –∏ —É–ø–∞–∫–æ–≤–∫–∞: –ü—Ä–µ—Ç–µ–Ω–∑–∏—è. –¢–æ–≤–∞—Ä —Å –∏—Å—Ç–µ–∫–∞—é—â–∏–º (–∏—Å—Ç—ë–∫—à–∏–º) —Å—Ä–æ–∫–æ–º –≥–æ–¥–Ω–æ—Å—Ç–∏,,2024-11-24 20:07,43:43,4 –¥. 7—á,7:52,7—á 52–º,"–•—É—Ä–º–∞ –≤—è–ª–∞—è —Å–æ —Å–ª–µ–¥–∞–º–∏  –∏—Å–ø–æ—Ä—á–µ–Ω–Ω–æ—Å—Ç–∏.
"
Customer claim,CCS-8174271,14747042,–°—Ä–µ–¥–Ω–∏–π,–†–µ—à–µ–Ω–∞,,borovskikh,5. –¢–æ–≤–∞—Ä –∏ —É–ø–∞–∫–æ–≤–∫–∞: –ü—Ä–µ—Ç–µ–Ω–∑–∏—è. –¢–æ–≤–∞—Ä —Å –∏—Å—Ç–µ–∫–∞—é—â–∏–º (–∏—Å—Ç—ë–∫—à–∏–º) —Å—Ä–æ–∫–æ–º –≥–æ–¥–Ω–æ—Å—Ç–∏,,2024-11-24 20:00,44:04,4 –¥. 8—á,8:31,8—á 31–º,"–†–∞–∑–≤–µ —ç—Ç–æ –ø–æ—Ö–æ–∂–µ –Ω–∞ —Ö–æ—Ä–æ—à—É—é –∫–∞—Ä—Ç–æ—à–∫—É? –ò —Ç–∞–∫–∏—Ö –º–Ω–æ–≥–æ, –æ—Å–æ–±–µ–Ω–Ω–æ –∫–æ–≥–¥–∞ –æ–Ω–∞ —Å—Ç–æ–∏—Ç 300 —Ä—É–±–ª–µ–π‚Ä¶."
Customer claim,CCS-8174251,14747027,–°—Ä–µ–¥–Ω–∏–π,–î—É–±–ª—å,ccstest,borovskikh,4.2. Click&Collect / Delivery: –ó–∞–ø—Ä–æ—Å. –î–µ–π—Å—Ç–≤–∏—è –∫—É—Ä—å–µ—Ä–∞ –∏–ª–∏ —Å–±–æ—Ä—â–∏–∫–∞,,2024-11-24 19:54,44:16,4 –¥. 8—á,8:16,8—á 16–º,"–í–æ—Ç –≤ —Ç–∞–∫–æ–º –≤–∏–¥–µ –∫–æ –º–Ω–µ –ø—Ä–∏–µ—Ö–∞–ª —Ç–æ–≤–∞—Ä! –ú–æ–∂–µ—Ç –±—É–¥–µ—Ç —Ö–æ—Ç—è–±—ã –∫–æ–º–ø–µ–Ω—Å–∞—Ü–∏—è –∫–∞–∫–∞—è-—Ç–æ?? –ß—Ç–æ —ç—Ç–æ –≤–æ–æ–±—â–µ –∑–∞ –¥–æ—Å—Ç–∞–≤–∫–∞ —Ç–∞–∫–∞—è 
"
Customer claim,CCS-8174175,14746678,–°—Ä–µ–¥–Ω–∏–π,–†–µ—à–µ–Ω–∞,ccstest,puzyrnikov,4.2. Click&Collect / Delivery: –ó–∞–ø—Ä–æ—Å. –î–æ—Å—Ç–∞–≤–∫–∞ –æ–ø–æ–∑–¥–∞–ª–∞,,2024-11-24 19:33,44:01,4 –¥. 8—á,8:05,8—á 5–º,"–û–ø–∏—Å–∞–Ω–∏–µ:
 –ò–Ω—Ç–µ—Ä–≤–∞–ª –¥–æ—Å—Ç–∞–≤–∫–∏ —É–∂–µ –Ω–∞—á–∞–ª—Å—è, –Ω–æ –∑–∞–∫–∞–∑ –µ—â–µ –Ω–µ –ø–æ–¥—Ç–≤–µ—Ä–∂–¥—ë–Ω. –ü—Ä–æ—Å—å–±–∞ —É—Ç–æ—á–Ω–∏—Ç—å —Å—Ç–∞—Ç—É—Å –∑–∞–∫–∞–∑–∞ –∏ –∫–æ–≥–¥–∞ –±—É–¥–µ—Ç –¥–æ—Å—Ç–∞–≤–∫–∞."
Customer claim,CCS-8173714,14746090,–°—Ä–µ–¥–Ω–∏–π,–†–µ—à–µ–Ω–∞,ccstest,abaranova,5. –¢–æ–≤–∞—Ä –∏ —É–ø–∞–∫–æ–≤–∫–∞: –ü—Ä–µ—Ç–µ–Ω–∑–∏—è. –¢–æ–≤–∞—Ä —Å –∏—Å—Ç–µ–∫–∞—é—â–∏–º (–∏—Å—Ç—ë–∫—à–∏–º) —Å—Ä–æ–∫–æ–º –≥–æ–¥–Ω–æ—Å—Ç–∏,,2024-11-24 17:02,44:44,4 –¥. 8—á,8:46,8—á 46–º,"1)–ø–æ—Å–ª–µ —Ä–∞—Å–ø–∞–∫–æ–≤–∫–∏
2)–ø—Ä–æ–≤–µ—Ä–∏–ª–∞ —Ç–æ–≤–∞—Ä –ø–æ—Å–ª–µ –ø–æ–ª—É—á–µ–Ω–∏—è "
Customer claim,CCS-8173514,14745696,–°—Ä–µ–¥–Ω–∏–π,–†–µ—à–µ–Ω–∞,ccstest,puzyrnikov,5. –¢–æ–≤–∞—Ä –∏ —É–ø–∞–∫–æ–≤–∫–∞: –ü—Ä–µ—Ç–µ–Ω–∑–∏—è. –¢–æ–≤–∞—Ä –ø—Ä–∏—à—ë–ª –ø–æ–≤—Ä–µ–∂–¥—ë–Ω–Ω—ã–º,,2024-11-24 16:03,45:00,1 –Ω–µ–¥.,9:00,1 –¥.,"–ú–µ–¥ –ª–µ–∂–∞–ª –Ω–∞ –¥–Ω–µ –ø–∞–∫–µ—Ç–∞ —Å –æ—Ç–∫—Ä—ã—Ç–æ–π –∫—Ä—ã—à–∫–æ–π, –≤—ã—Ç–µ–∫–ª–æ –Ω–∞ –¥–Ω–æ –ø–∞–∫–µ—Ç–∞ –ø–æ—á—Ç–∏ –ø–æ–ª–æ–≤–∏–Ω–∞ –º–µ–¥–∞. –ü—Ä–∏ –ø–æ–ª—É—á–µ–Ω–∏–∏ , —á—Ç–æ –±–∞–Ω–∫–∞ –æ—Ç–∫—Ä—ã—Ç–∞ –∏ –≤—Å–µ —Ä–∞–∑–º–∞–∑–∞–Ω–æ –ø–æ –¥–Ω—É –Ω–µ –±—ã–ª–æ –≤–∏–¥–Ω–æ , —Ç–∞–∫ –∫–∞–∫ –±—ã–ª–æ –∑–∞–∫—Ä—ã—Ç–æ –¥—Ä—É–≥–∏–º–∏ –ø—Ä–æ–¥—É–∫—Ç–∞–º–∏ —Å–≤–µ—Ä—Ö—É. "
Customer claim,CCS-8173482,14745838,–°—Ä–µ–¥–Ω–∏–π,–†–µ—à–µ–Ω–∞,ccstest,borovskikh,5. –¢–æ–≤–∞—Ä –∏ —É–ø–∞–∫–æ–≤–∫–∞: –ü—Ä–µ—Ç–µ–Ω–∑–∏—è. –¢–æ–≤–∞—Ä —Å –∏—Å—Ç–µ–∫–∞—é—â–∏–º (–∏—Å—Ç—ë–∫—à–∏–º) —Å—Ä–æ–∫–æ–º –≥–æ–¥–Ω–æ—Å—Ç–∏,,2024-11-24 15:51,44:27,4 –¥. 8—á,8:59,8—á 59–º,"–ó–∞–∫–∞–∑ –±—ã–ª —Å–¥–µ–ª–∞–Ω 22 –Ω–æ—è–±—Ä—è –ø–æ–∑–¥–Ω–æ –≤–µ—á–µ—Ä–æ–º! –°–µ–≥–æ–¥–Ω—è —Ä–µ—à–∏–ª–∞ –ø—Ä–∏–≥–æ—Ç–æ–≤–∏—Ç—å –≥–æ–ª–µ–Ω–∏, –æ—Ç–∫—Ä—ã–ª–∞ —É–ø–∞–∫–æ–≤–∫—É —É–∂–∞—Å–Ω—ã–π –∑–∞–ø–∞—Ö —Ç—É—Ö–ª—è—Ç–∏–Ω—ã !!!! –°—Ä–æ–∫ –≥–æ–¥–Ω–æ—Å—Ç–∏ –¥–æ 27 –Ω–æ—è–±—Ä—è!!! –í–µ—Ä–Ω–∏—Ç–µ –¥–µ–Ω—å–≥–∏ –∑–∞ –≤–∞—à—É —Ç—É—Ö–ª—è—Ç–∏–Ω—É!!!"
Customer claim,CCS-8173362,14745553,–°—Ä–µ–¥–Ω–∏–π,–†–µ—à–µ–Ω–∞,ccstest,sugaipova,5. –¢–æ–≤–∞—Ä –∏ —É–ø–∞–∫–æ–≤–∫–∞: –ü—Ä–µ—Ç–µ–Ω–∑–∏—è. –¢–æ–≤–∞—Ä –ø—Ä–∏—à—ë–ª –ø–æ–≤—Ä–µ–∂–¥—ë–Ω–Ω—ã–º,,2024-11-24 15:12,44:00,4 –¥. 8—á,9:00,1 –¥.,"–ù–µ–∫–æ—Ç–æ—Ä—ã–µ –ø–æ–º–∏–¥–æ—Ä—ã –≥–Ω–∏–ª—ã–µ 
–ê –∫–æ—Ç–ª–µ—Ç—ã –≤–∑–¥—É—Ç—ã–µ, –æ—Ç–∫—Ä—ã–ª–∞ –∞ –æ–Ω–∏ —Å –¥—É—à–∫–æ–º, –ø—Ä—è–º —Å–∏–ª—å–Ω—ã–π –∑–∞–ø–∞—Ö. –ì–æ—Ç–æ–≤–∏—Ç—å –∏—Ö —Ç–æ—á–Ω–æ –Ω–µ –±—É–¥—É, —É—à–ª–∏ –≤ —É—Ç–∏–ª—å "
Customer claim,CCS-8173269,14745502,–°—Ä–µ–¥–Ω–∏–π,–†–µ—à–µ–Ω–∞,ccstest,borovskikh,5. –¢–æ–≤–∞—Ä –∏ —É–ø–∞–∫–æ–≤–∫–∞: –ü—Ä–µ—Ç–µ–Ω–∑–∏—è. –¢–æ–≤–∞—Ä –ø—Ä–∏—à—ë–ª –ø–æ–≤—Ä–µ–∂–¥—ë–Ω–Ω—ã–º,,2024-11-24 14:43,44:58,4 –¥. 8—á,8:58,8—á 58–º,–£–ø–∞–∫–æ–≤–∫–∞ –æ—Ç —Å–º–µ—Ç–∞–Ω—ã –±—ã–ª–∞ –ø–æ–≤—Ä–µ–∂–¥–µ–Ω–∞ –∏ —Ä–∞–∑–º–∞–∑–∞–ª–∞—Å—å –ø–æ –≤—Å–µ–º—É –ø–∞–∫–µ—Ç—É
Customer claim,CCS-8173054,14745168,–°—Ä–µ–¥–Ω–∏–π,–†–µ—à–µ–Ω–∞,ccstest,arodionova,5. –¢–æ–≤–∞—Ä –∏ —É–ø–∞–∫–æ–≤–∫–∞: –ü—Ä–µ—Ç–µ–Ω–∑–∏—è. –¢–æ–≤–∞—Ä —Å –∏—Å—Ç–µ–∫–∞—é—â–∏–º (–∏—Å—Ç—ë–∫—à–∏–º) —Å—Ä–æ–∫–æ–º –≥–æ–¥–Ω–æ—Å—Ç–∏,,2024-11-24 13:40,39:18,4 –¥. 3—á,9:00,1 –¥.,"–ü—Ä–∏–≤–µ–∑–ª–∏ —Å–º–µ—Ç–∞–Ω—É –∫–æ—Ç–æ—Ä–æ–π —É–∂–µ –º–µ—Å—è—Ü, —á–µ—Ä–µ–∑ —Ç—Ä–∏ –¥–Ω—è –∏—Å—Ç–µ–∫–∞–µ—Ç —Å—Ä–æ–∫ –≥–æ–¥–Ω–æ—Å—Ç–∏, –ø–æ–∫—É–ø–∞–ª–∞ –¥–µ—Ç—è–º.
–û–≥—É—Ä–µ—Ü —Å –æ–¥–Ω–æ–π —Å—Ç–æ—Ä–æ–Ω—ã –º—è–≥–∫–∏–π
–ü—Ä–∏ –∫—É—Ä—å–µ—Ä–µ –Ω–µ –º–æ–≥–ª–∞ –ø–æ—Å–º–æ—Ç—Ä–µ—Ç—å —Ç–∫ –∑–∞–∫–∞–∑—ã–≤–∞—é –≤ –±–æ–ª—å–Ω–∏—Ü—É –∏ –ø–∞–∫–µ—Ç—ã –Ω–∞–º —É–∂–µ –ø—Ä–∏–Ω–æ—Å—è—Ç –º–µ–¥—Å–µ—Å—Ç—Ä—ã. "
Customer claim,CCS-8172856,14744920,–°—Ä–µ–¥–Ω–∏–π,–†–µ—à–µ–Ω–∞,ccstest,shakirzyanova,5. –¢–æ–≤–∞—Ä –∏ —É–ø–∞–∫–æ–≤–∫–∞: –ü—Ä–µ—Ç–µ–Ω–∑–∏—è. –¢–æ–≤–∞—Ä —Å –∏—Å—Ç–µ–∫–∞—é—â–∏–º (–∏—Å—Ç—ë–∫—à–∏–º) —Å—Ä–æ–∫–æ–º –≥–æ–¥–Ω–æ—Å—Ç–∏,,2024-11-24 12:30,44:38,4 –¥. 8—á,8:52,8—á 52–º,"–î–æ–±—Ä—ã–π –¥–µ–Ω—å, 
–í —É–ø–∞–∫–æ–≤–∫–µ —Å –∫–æ–ª–±–∞—Å–æ–π –±—ã–ª–æ –º–Ω–æ–≥–æ –∂–∏–¥–∫–æ—Å—Ç–∏, –∞ –Ω–∞ –≤–∫—É—Å –æ–∫–∞–∑–∞–ª–∞—Å—å –∫–∏—Å–ª–æ–π - –æ—á–µ–≤–∏–¥–Ω–æ, —Å –∏—Å—Ç–µ–∫—à–∏–º —Å—Ä–æ–∫–æ–º –≥–æ–¥–Ω–æ—Å—Ç–∏ "
Customer claim,CCS-8172854,14744918,–ö—Ä–∏—Ç–∏—á–Ω—ã–π,–†–µ—à–µ–Ω–∞,ccstest,sugaipova,5. –¢–æ–≤–∞—Ä –∏ —É–ø–∞–∫–æ–≤–∫–∞: –ü—Ä–µ—Ç–µ–Ω–∑–∏—è. –¢–æ–≤–∞—Ä –ø—Ä–∏—à—ë–ª –ø–æ–≤—Ä–µ–∂–¥—ë–Ω–Ω—ã–º,,2024-11-24 12:29,9:00,1 –¥.,1:00,1—á,"–°–≤–µ—Ç–ª—ã –Ω–µ –∫–∏–ª–æ–≥—Ä–∞–º–º, –∞ –±—É–∫–≤–∞–ª—å–Ω–æ –¥–≤–µ —Å–≤–µ–∫–æ–ª–∫–∏ 
–ü–æ–º–∏–¥–æ—Ä—ã –≥–Ω–∏–ª—ã–µ 
–°—É–∫–∏"
Customer claim,CCS-8172824,14744595,–°—Ä–µ–¥–Ω–∏–π,–†–µ—à–µ–Ω–∞,ccstest,mnesterova,5. –¢–æ–≤–∞—Ä –∏ —É–ø–∞–∫–æ–≤–∫–∞: –ü—Ä–µ—Ç–µ–Ω–∑–∏—è. –¢–æ–≤–∞—Ä —Å –∏—Å—Ç–µ–∫–∞—é—â–∏–º (–∏—Å—Ç—ë–∫—à–∏–º) —Å—Ä–æ–∫–æ–º –≥–æ–¥–Ω–æ—Å—Ç–∏,,2024-11-24 12:16,43:35,4 –¥. 7—á,7:56,7—á 56–º,–ü–æ—Å–ª–µ —Ä–∞—Å–ø–∞–∫–æ–≤–∫–∏. 
Customer claim,CCS-8172470,14744167,–°—Ä–µ–¥–Ω–∏–π,–†–µ—à–µ–Ω–∞,ccstest,puzyrnikov,5. –¢–æ–≤–∞—Ä –∏ —É–ø–∞–∫–æ–≤–∫–∞: –ü—Ä–µ—Ç–µ–Ω–∑–∏—è. –¢–æ–≤–∞—Ä –ø—Ä–∏—à—ë–ª –ø–æ–≤—Ä–µ–∂–¥—ë–Ω–Ω—ã–º,,2024-11-24 09:59,45:00,1 –Ω–µ–¥.,9:00,1 –¥.,"–ó–¥—Ä–∞–≤—Å—Ç–≤—É–π—Ç–µ. –ú–∞–Ω–¥–∞—Ä–∏–Ω—ã –ø—Ä–∏—à–ª–∏ –ø—Ä–æ—Å—Ç–æ —É–∂–∞—Å–Ω—ã–µ, –≥–Ω–∏–ª—ã–µ. –ü—Ä–æ—à—É –≤–µ—Ä–Ω—É—Ç—å –¥–µ–Ω—å–≥–∏ –∏ –±–æ–Ω—É—Å—ã "
Customer claim,CCS-8172441,14744048,–°—Ä–µ–¥–Ω–∏–π,–†–µ—à–µ–Ω–∞,ccstest,sugaipova,4.2. Click&Collect / Delivery: –ó–∞–ø—Ä–æ—Å. –ü–æ–∫—É–ø–∞—Ç–µ–ª—é –Ω–µ –º–æ–≥—É—Ç –≤—ã–¥–∞—Ç—å –∑–∞–∫–∞–∑,,2024-11-24 09:40,45:00,1 –Ω–µ–¥.,9:00,1 –¥.,"—Å—Ç–∞—Ç—É—Å –∑–∞–∫–∞–∑–∞ ""—Ç–æ–≤–∞—Ä—ã —É –≤–∞—Å"", –Ω–æ —è –Ω–∏—á–µ–≥–æ –Ω–µ –ø–æ–ª—É—á–∞–ª–∞!"
Customer claim,CCS-8172419,14744132,–°—Ä–µ–¥–Ω–∏–π,–†–µ—à–µ–Ω–∞,ccstest,sugaipova,5. –¢–æ–≤–∞—Ä –∏ —É–ø–∞–∫–æ–≤–∫–∞: –ü—Ä–µ—Ç–µ–Ω–∑–∏—è. –¢–æ–≤–∞—Ä —Å –∏—Å—Ç–µ–∫–∞—é—â–∏–º (–∏—Å—Ç—ë–∫—à–∏–º) —Å—Ä–æ–∫–æ–º –≥–æ–¥–Ω–æ—Å—Ç–∏,,2024-11-24 09:28,45:00,1 –Ω–µ–¥.,9:00,1 –¥.,"–ü–ª–µ—Å–µ–Ω—å –Ω–∞ —Ç–æ—Ä—Ç—É, —Ö–æ—Ç—è —Å—Ä–æ–∫ –≥–æ–¥–Ω–æ—Å—Ç–∏ –µ—â—ë –Ω–µ –∏—Å—Ç–µ–∫. –ì—Ä–µ–π–ø—Ñ—Ä—É—Ç –æ—á–µ–Ω—å –º–∞–ª–µ–Ω—å–∫–æ–≥–æ —Ä–∞–∑–º–µ—Ä–∞, –Ω–µ 400 –≥—Ä –∫–∞–∫ —É–∫–∞–∑–∞–Ω–æ "
Customer claim,CCS-8172301,14743850,–°—Ä–µ–¥–Ω–∏–π,–†–µ—à–µ–Ω–∞,ccstest,sugaipova,5. –¢–æ–≤–∞—Ä –∏ —É–ø–∞–∫–æ–≤–∫–∞: –ü—Ä–µ—Ç–µ–Ω–∑–∏—è. –¢–æ–≤–∞—Ä –ø—Ä–∏—à—ë–ª –ø–æ–≤—Ä–µ–∂–¥—ë–Ω–Ω—ã–º,,2024-11-24 07:46,45:00,1 –Ω–µ–¥.,9:00,1 –¥.,"–ò–Ω–¥–µ–π–∫–∞ –∏—Å–ø–æ—Ä—Ç–∏–ª–∞—Å—å, –º—è—Å–æ –∏–º–µ–µ—Ç –Ω–µ–ø—Ä–∏—è—Ç–Ω—ã–π –∑–∞–ø–∞—Ö"
Customer claim,CCS-8172298,14743846,–°—Ä–µ–¥–Ω–∏–π,–†–µ—à–µ–Ω–∞,ccstest,sugaipova,6. –û–±–º–µ–Ω –∏ –≤–æ–∑–≤—Ä–∞—Ç: –ü—Ä–µ—Ç–µ–Ω–∑–∏—è. –¢–æ–≤–∞—Ä –Ω–µ –ø–æ–¥–æ—à—ë–ª –∏–ª–∏ –ö–ª–∏–µ–Ω—Ç –ø–µ—Ä–µ–¥—É–º–∞–ª,,2024-11-24 07:42,45:00,1 –Ω–µ–¥.,9:00,1 –¥.,"–ü–∞—Ö–Ω–µ—Ç –∫–∏—Å–ª—ã–º, —Ç—É—Ö–ª—ã–º –∏—Å–ø–æ—Ä—á–µ–Ω–Ω—ã–º
"
Customer claim,CCS-8172214,14743787,–°—Ä–µ–¥–Ω–∏–π,–†–µ—à–µ–Ω–∞,ccstest,mnesterova,5. –¢–æ–≤–∞—Ä –∏ —É–ø–∞–∫–æ–≤–∫–∞: –ü—Ä–µ—Ç–µ–Ω–∑–∏—è. –¢–æ–≤–∞—Ä –ø—Ä–∏—à—ë–ª –ø–æ–≤—Ä–µ–∂–¥—ë–Ω–Ω—ã–º,,2024-11-24 01:37,43:45,4 –¥. 7—á,8:40,8—á 40–º,"–ü—Ä–∏ –≤—Å–∫—Ä—ã—Ç–∏–∏ —É–ø–∞–∫–æ–≤–∫–∏ –ø–æ—è–≤–∏–ª—Å—è —Ä–µ–∑–∫–∏–π –∑–∞–ø–∞—Ö –∏—Å–ø–æ—Ä—á–µ–Ω–Ω–æ–≥–æ –ø—Ä–æ–¥—É–∫—Ç–∞. –°—Ä–æ–∫–∏ –ø—Ä–∏ –ø–æ–ª—É—á–µ–Ω–∏–∏ –ø—Ä–æ–≤–µ—Ä–∏–ª–∞, –≥–æ–¥–µ–Ω –¥–æ 26.11.2024. –ü–æ—Ö–æ–∂–µ –≥–¥–µ-—Ç–æ –±—ã–ª–∏ –Ω–∞—Ä—É—à–µ–Ω—ã —É—Å–ª–æ–≤–∏—è —Ö—Ä–∞–Ω–µ–Ω–∏—è.
–ü—Ä–æ—à—É –≤–µ—Ä–Ω—É—Ç—å —Å—Ç–æ–∏–º–æ—Å—Ç—å –∏—Å–ø–æ—Ä—á–µ–Ω–Ω–æ–≥–æ —Ç–æ–≤–∞—Ä–∞ "
Customer claim,CCS-8172154,14743752,–°—Ä–µ–¥–Ω–∏–π,–†–µ—à–µ–Ω–∞,ccstest,arodionova,5. –¢–æ–≤–∞—Ä –∏ —É–ø–∞–∫–æ–≤–∫–∞: –ü—Ä–µ—Ç–µ–Ω–∑–∏—è. –¢–æ–≤–∞—Ä –Ω–µ–∏—Å–ø—Ä–∞–≤–µ–Ω (–±—Ä–∞–∫),,2024-11-24 00:29,44:27,4 –¥. 8—á,9:00,1 –¥.,"–î–æ–±—Ä—ã–π –¥–µ–Ω—å. 
–°—ã—Ä –æ–∫–∞–∑–∞–ª—Å—è –ø—Ä–æ–∫–∏—Å—à–∏–º, —Ö–æ—Ç—è —Å—Ä–æ–∫ –≥–æ–¥–Ω–æ—Å—Ç–∏ –±—ã–ª –≤ –Ω–æ—Ä–º–µ"
Customer claim,CCS-8172119,14743734,–°—Ä–µ–¥–Ω–∏–π,–†–µ—à–µ–Ω–∞,ccstest,mnesterova,4.2. Click&Collect / Delivery: –ó–∞–ø—Ä–æ—Å. –ü—Ä–æ–¥–∞–≤–µ—Ü –Ω–µ —É—á—ë–ª –±–æ–Ω—É—Å—ã –∏–ª–∏ –ø—Ä–æ–º–æ–∫–æ–¥,,2024-11-24 00:13,43:55,4 –¥. 7—á,8:42,8—á 42–º,"–î–æ–±—Ä—ã–π –¥–µ–Ω—å. 
–í –Ω–∞–ª–∏—á–∏–∏ –Ω–µ –±—ã–ª–æ –∫—É—Ä–∏–Ω—ã—Ö –±–µ–¥—Ä—ã—à–µ–∫, –∞ –±–æ–Ω—É—Å—ã —É –º–µ–Ω—è –∑–∞ –Ω–∏—Ö —Å–ø–∏—Å–∞–ª–∏."
Customer claim,CCS-8170926,14741895,–°—Ä–µ–¥–Ω–∏–π,–†–µ—à–µ–Ω–∞,ccstest,shakirzyanova,4.2. Click&Collect / Delivery: –ó–∞–ø—Ä–æ—Å. –î–µ–π—Å—Ç–≤–∏—è –∫—É—Ä—å–µ—Ä–∞ –∏–ª–∏ —Å–±–æ—Ä—â–∏–∫–∞,,2024-11-23 16:25,42:46,4 –¥. 6—á,6:54,6—á 54–º,–í –∑–∞–∫–∞–∑–µ –Ω–µ —Ö–≤–∞—Ç–∞–µ—Ç –∫–∏—Å–ª–æ–≥–æ –º–∞—Ä–º–µ–ª–∞–¥–∞. 
Customer claim,CCS-8170454,14741242,–°—Ä–µ–¥–Ω–∏–π,–†–µ—à–µ–Ω–∞,ccstest,dmoiseeva,5. –¢–æ–≤–∞—Ä –∏ —É–ø–∞–∫–æ–≤–∫–∞: –ü—Ä–µ—Ç–µ–Ω–∑–∏—è. –¢–æ–≤–∞—Ä –ø—Ä–∏—à—ë–ª –ø–æ–≤—Ä–µ–∂–¥—ë–Ω–Ω—ã–º,,2024-11-23 13:53,45:00,1 –Ω–µ–¥.,9:00,1 –¥.,–û–¥–∏–Ω –∏–∑ –ø–∞–∫–µ—Ç–æ–≤ –±—ã–ª —Å –¥—ã—Ä–æ–π.
Customer claim,CCS-8168918,14738676,–°—Ä–µ–¥–Ω–∏–π,–†–µ—à–µ–Ω–∞,ccstest,etrusova,5. –¢–æ–≤–∞—Ä –∏ —É–ø–∞–∫–æ–≤–∫–∞: –ü—Ä–µ—Ç–µ–Ω–∑–∏—è. –¢–æ–≤–∞—Ä –ø—Ä–∏—à—ë–ª –ø–æ–≤—Ä–µ–∂–¥—ë–Ω–Ω—ã–º,,2024-11-22 21:04,44:20,4 –¥. 8—á,8:48,8—á 48–º,–¢–æ–≤–∞—Ä –ø—Ä–∏—à–µ–ª –≤ –æ—Ç–∫—Ä—ã—Ç–æ–π —É–ø–∞–∫–æ–≤–∫–µ 
Customer claim,CCS-8168044,14736926,–°—Ä–µ–¥–Ω–∏–π,–†–µ—à–µ–Ω–∞,ccstest,etrusova,5. –¢–æ–≤–∞—Ä –∏ —É–ø–∞–∫–æ–≤–∫–∞: –ü—Ä–µ—Ç–µ–Ω–∑–∏—è. –¢–æ–≤–∞—Ä –Ω–µ —Å–æ–æ—Ç–≤–µ—Ç—Å—Ç–≤—É–µ—Ç –∑–∞–∫–∞–∑–∞–Ω–Ω–æ–º—É,,2024-11-22 16:11,41:53,3 –¥. 14—á,8:42,8—á 42–º,"–í –æ–ø–∏—Å–∞–Ω–∏–∏ –≥—Ä–∞–Ω–∞—Ç350-450 –≥—Ä, –∞ –ø—Ä–∏–≤–µ–∑–ª–∏ –º–∞–ª–µ–Ω—å–∫–∏–π —Å–º–æ—Ä—â–µ–Ω–Ω—ã–π –≤—ã—Å–æ—Ö—à–∏–π –≥—Ä–∞–Ω–∞—Ç –Ω–∞ 290 –≥—Ä –≤–º–µ—Å—Ç–µ —Å —É–ø–∞–∫–æ–≤–∫–æ–π!!! –¢–∞–∫–æ–µ —á—É–≤—Å—Ç–≤–æ —á—Ç–æ –≤—Ç–æ—Ä–æ–π –≥—Ä–∞–Ω–∞—Ç –æ—Ç—Å—é–¥–∞ –ø—Ä–æ—Å—Ç–æ –≤—ã—Ç–∞—â–∏–ª–∏, –¥–∞ –∏ —ç—Ç–æ—Ç —Ç–æ–ª—å–∫–æ –≤ –º—É—Å–æ—Ä–∫—É, —è –Ω–µ –∑–Ω–∞—é —Å–∫–æ–ª—å–∫–æ –æ–Ω —Ö—Ä–∞–Ω–∏—Ç—Å—è —É–∂–µ, –≤–∏–¥–∏–º–æ –ø—Ä–æ—à–ª–æ–≥–æ–¥–Ω–∏–πü§¶‚Äç‚ôÄÔ∏è"
Customer claim,CCS-8167653,14735977,–°—Ä–µ–¥–Ω–∏–π,–†–µ—à–µ–Ω–∞,ccstest,etrusova,5. –¢–æ–≤–∞—Ä –∏ —É–ø–∞–∫–æ–≤–∫–∞: –ü—Ä–µ—Ç–µ–Ω–∑–∏—è. –¢–æ–≤–∞—Ä —Å –∏—Å—Ç–µ–∫–∞—é—â–∏–º (–∏—Å—Ç—ë–∫—à–∏–º) —Å—Ä–æ–∫–æ–º –≥–æ–¥–Ω–æ—Å—Ç–∏,,2024-11-22 14:18,39:56,3 –¥. 12—á,8:38,8—á 38–º,"–ö–µ–∫—Å –¥–æ 23 –Ω–æ—è–±—Ä—è, —Ç.–µ. –µ–≥–æ –Ω—É–∂–Ω–æ —Å—ä–µ—Å—Ç—å –∑–∞ —Å–µ–≥–æ–¥–Ω—è. –ü—Ä–∏–º–µ—Ä–Ω–æ –∑–∞ 10 —á–∞—Å–æ–≤. –í—ã –º–æ–∂–µ—Ç–µ —Ö–æ—Ç—å —Ä–∞–∑ –ø—Ä–∏–≤–µ–∑—Ç–∏ —Ç–æ–≤–∞—Ä —Å –Ω–æ—Ä–º–∞–ª—å–Ω—ã–º —Å—Ä–æ–∫–æ–º, —á—Ç–æ–±—ã  —è –Ω–µ –ø–∏—Å–∞–ª –æ –ø—Ä–æ–±–ª–µ–º–µ. "
Customer claim,CCS-8167625,14735666,–°—Ä–µ–¥–Ω–∏–π,–†–µ—à–µ–Ω–∞,ccstest,etrusova,5. –¢–æ–≤–∞—Ä –∏ —É–ø–∞–∫–æ–≤–∫–∞: –ü—Ä–µ—Ç–µ–Ω–∑–∏—è. –ö–æ–º–ø–ª–µ–∫—Ç–Ω–æ—Å—Ç—å —Ç–æ–≤–∞—Ä–∞ –∏–ª–∏ –∑–∞–∫–∞–∑–∞ –Ω–µ –ø–æ–ª–Ω–∞—è,,2024-11-22 14:10,39:46,3 –¥. 12—á,8:36,8—á 36–º,1 —à—Ç
Customer claim,CCS-8167380,14735016,–°—Ä–µ–¥–Ω–∏–π,–†–µ—à–µ–Ω–∞,ccstest,etrusova,5. –¢–æ–≤–∞—Ä –∏ —É–ø–∞–∫–æ–≤–∫–∞: –ü—Ä–µ—Ç–µ–Ω–∑–∏—è. –¢–æ–≤–∞—Ä –ø—Ä–∏—à—ë–ª –ø–æ–≤—Ä–µ–∂–¥—ë–Ω–Ω—ã–º,,2024-11-22 12:53,45:00,1 –Ω–µ–¥.,9:00,1 –¥.,"–ö–∞–ø—É—Å—Ç—É –ø—Ä–∏–≤–µ–∑–ª–∏ –∑–∞–º–æ—Ä–æ–∂–µ–Ω–Ω—É—é! –ö–∞–∫ –µ—ë –µ—Å—Ç—å? –ò –ø–æ—á–µ–º—É –Ω–∏–≥–¥–µ –Ω–µ –Ω–∞–ø–∏—Å–∞–Ω–æ , —á—Ç–æ –æ–Ω–∞ —Å–æ –ª—å–¥–æ–º? "
Customer claim,CCS-8163458,14725453,–°—Ä–µ–¥–Ω–∏–π,–†–µ—à–µ–Ω–∞,ccstest,smktsd,5. –¢–æ–≤–∞—Ä –∏ —É–ø–∞–∫–æ–≤–∫–∞: –ü—Ä–µ—Ç–µ–Ω–∑–∏—è. –í—Ä–µ–¥ –∑–¥–æ—Ä–æ–≤—å—é –ø–æ–∫—É–ø–∞—Ç–µ–ª—é,,2024-11-21 03:30,23:57,2 –¥. 5—á,0:35,35 –º–∏–Ω.,–º–æ–π —Ä–µ–±–µ–Ω–æ–∫ –æ—Ç—Ä–∞–≤–∏–ª—Å—è –¥–µ—Ç—Å–∫–∏–º –ø–∏—Ç–∞–Ω–∏–µ–º 
